"store","websites","attribute_set","type","category_ids","sku","has_options","name","meta_title","meta_description","image","small_image","thumbnail","url_key","url_path","options_container","image_label","small_image_label","thumbnail_label","gift_message_available","groupscatalog_hide_group","product_payment_methods","price","cost","weight","minimal_price","status","tax_class_id","visibility","enable_googlecheckout","description","short_description","meta_keyword","custom_layout_update","special_from_date","qty","min_qty","use_config_min_qty","is_qty_decimal","backorders","use_config_backorders","min_sale_qty","use_config_min_sale_qty","max_sale_qty","use_config_max_sale_qty","is_in_stock","low_stock_date","notify_stock_qty","use_config_notify_stock_qty","manage_stock","use_config_manage_stock","stock_status_changed_automatically","use_config_qty_increments","qty_increments","use_config_enable_qty_increments","enable_qty_increments","product_name","store_id","product_type_id","product_status_changed","product_changed_websites"
"admin","base","Default","simple","3","n2610","0","Nokia 2610 Phone","Nokia 2610","Offering advanced media and calling features without breaking the bank, The Nokia 2610 is an easy to use","/n/o/nokia-2610-phone-2.jpg","/n/o/nokia-2610-phone-2.jpg","/n/o/nokia-2610-phone-2.jpg","nokia-2610-phone","nokia-2610-phone.html","Bloco depois da Coluna de Informação","","","","Usar configuração","USE DEFAULT","","149.9900","20.0000","3.2000","149.9900","Habilitado","Taxable Goods","Catálogo, Busca","Sim","The Nokia 2610 is an easy to use device that combines multiple messaging options including email, instant messaging, and more. You can even download MP3 ringtones, graphics, and games straight to the phone, or surf the Internet with Cingular's MEdia Net service. It's the perfect complement to Cingular service for those even remotely interested in mobile Web capabilities in an affordable handset.<br><br>

<b>Design</b><br>
Compact and stylish, the 2610 features a candybar design sporting a bright 128 x 128 pixel display capable of displaying over 65,000 colors. Most of the phone's features and on-screen menus are controlled by a center toggle on the control pad. A standard hands-free headphone jack is provided, as are volume control keys, and there's even a ""Go-To"" button that can be assigned by the user for quick access to favorite applications. Lastly, the included speakerphone allows you to talk handsfree, and because the phone sports an internal antenna, there's nothing to snag or break off.

","The words ""entry level"" no longer mean ""low-end,"" especially when it comes to the Nokia 2610. Offering advanced media and calling features without breaking the bank","Nokia 2610, cell, phone, ","","","996.0000","0.0000","1","0","0","1","1.0000","1","100.0000","1","1","","0.0000","1","0","1","0","1","0.0000","1","0","Nokia 2610 Phone","0","simple","",""
"admin","base","Default","simple","","bb8100","0","BlackBerry 8100 Pearl","BlackBerry 8100 Pearl","BlackBerry 8100 Pearl sports a large 240 x 260 screen that supports over 65,000 colors-- plenty of real estate to view your e-mails, Web browser content, messaging sessions, and attachments.","/b/l/blackberry-8100-pearl-2.jpg","/b/l/blackberry-8100-pearl-2.jpg","/b/l/blackberry-8100-pearl-2.jpg","blackberry-8100-pearl","blackberry-8100-pearl.html","Bloco depois da Coluna de Informação","","","","Usar configuração","USE DEFAULT","","349.9900","29.9900","15.2000","349.9900","Habilitado","Taxable Goods","Catálogo, Busca","Sim"," Like the BlackBerry 7105t, the BlackBerry 8100 Pearl is 
The BlackBerry 8100 Pearl sports a large 240 x 260 screen that supports over 65,000 colors-- plenty of real estate to view your e-mails, Web browser content, messaging sessions, and attachments. The venerable BlackBerry trackwheel has been replaced on this model with an innovative four-way trackball placed below the screen. On the rear of the handheld, you'll find a 1.3-megapixel camera and a self portrait mirror. The handheld's microSD memory card slot is located inside the device, behind the battery. There's also a standard 2.5mm headset jack that can be used with the included headset, as well as a mini-USB port for data connectivity.","The BlackBerry 8100 Pearl is a departure from the form factor of previous BlackBerry devices. This BlackBerry handset is far more phone-like, and RIM's engineers have managed to fit a QWERTY keyboard onto the handset's slim frame.","Blackberry, 8100, pearl, cell, phone","","","797.0000","0.0000","1","0","0","1","1.0000","1","100.0000","1","1","","0.0000","1","0","1","0","1","0.0000","1","0","BlackBerry 8100 Pearl","0","simple","",""
"admin","base","Default","simple","3","sw810i","0","Sony Ericsson W810i","Sony Ericsson W810i","The W810i follows a long tradition of beautifully designed and crafted phones from Sony Ericsson. The same candy-bar style that graced the W800 is here, as is the horizontally-oriented camera unit on the back of the phone, allowing you to hold the phone j","/s/o/sony-ericsson-w810i-2.jpg","/s/o/sony-ericsson-w810i-2.jpg","/s/o/sony-ericsson-w810i-2.jpg","sony-ericsson-w810i","sony-ericsson-w810i.html","Bloco depois da Coluna de Informação","","","","Usar configuração","USE DEFAULT","","399.9900","29.9900","13.6000","399.9900","Habilitado","Taxable Goods","Catálogo, Busca","Sim","The W810i's screen sports 176 x 220 pixel resolution with support for 262,000 colors. Quick access buttons below the screen make it easy to control the phone's Walkman music features, while a five-way center button controls most of the phone's menus and features.","The W810i follows a long tradition of beautifully designed and crafted phones from Sony Ericsson. The same candy-bar style that graced the W800 is here.","Sony, Ericsson ,W810i, cell, phone","","","989.0000","0.0000","1","0","0","1","1.0000","1","100.0000","1","1","","0.0000","1","0","1","0","1","0.0000","1","0","Sony Ericsson W810i","0","simple","",""
"admin","base","Default","simple","2","8525PDA","0","AT&T 8525 PDA","AT&T 8525 PDA Phone","nder the hood, the 8525 features 128MB of embedded memory and 64MB RAM, running on a 400 MHz Samsung processor. Up front, the 240 x 320 LCD touch-screen supports over 65,000 colors, while the rear of the device houses a 2.0 megapixel camera. The design of","/a/t/at-t-8525-pda-1.jpg","/a/t/at-t-8525-pda-1.jpg","/a/t/at-t-8525-pda-1.jpg","atandt-8525-pda","atandt-8525-pda.html","Bloco depois da Coluna de Informação","","","","Usar configuração","USE DEFAULT","","199.9900","29.9900","30.0000","199.9900","Habilitado","Taxable Goods","Catálogo, Busca","Sim"," The design of the 8525 is clean and uncluttered, with just a few buttons for mail, Internet Explorer, and contextual menus. Meanwhile, call answer and end buttons surround a five-way toggle that allows you to navigate and control the Windows Mobile interface. As mentioned, a full QWERTY keyboard cleverly slides out from underneath the screen. This allows you to hold the device horizontally, and the screen is automatically placed in landscape mode when you're using the keyboard. A side scroll wheel is conveniently tucked away on the side, making navigation when accessing the music player and other various applications a cinch when needed. A mini-SD memory expansion card slot is provided, as is an infrared port and support for a stereo Bluetooth headset. A mini-USB port is also included for wired data transfers and charging.","Under the hood, the 8525 features 128MB of embedded memory and 64MB RAM, running on a 400 MHz Samsung processor. Up front, the 240 x 320 LCD touch-screen supports over 65,000 colors, while the rear of the device houses a 2.0 megapixel camera.","At&t, 8525, cell, phone","","","328.0000","0.0000","1","0","0","1","1.0000","1","100.0000","1","1","","0.0000","1","0","1","0","1","0.0000","1","0","AT&T 8525 PDA","0","simple","",""
"admin","base","Default","simple","3","MM-A900M","0","Samsung MM-A900M Ace","Samsung MM-A900M Ace Phone","New services supported by both the MM-A900m include the newly announced Sprint Music StoreSM, which allows users to immediately buy and download complete songs directly to their phone","/s/a/samsung-mm-a900m-ace.jpg","/s/a/samsung-mm-a900m-ace.jpg","/s/a/samsung-mm-a900m-ace.jpg","samsung-mm-a900m-ace","samsung-mm-a900m-ace.html","Bloco depois da Coluna de Informação","","","","Usar configuração","USE DEFAULT","","150.0000","29.9900","1.0000","150.0000","Habilitado","Taxable Goods","Catálogo, Busca","Sim","New services supported by both the MM-A900m include the newly announced Sprint Music StoreSM, which allows users to immediately buy and download complete songs directly to their phone; 30 channels of live and on demand video and audio from Sprint TVSM and On Demand, a personalized resource guide to news, traffic, weather, sports and entertainment. The MM-A900m offers great-looking design with the ability to download a rich selection of content directly to the phone. Features like external music-navigation keys make these phones both functional and attractive. These handsets are sure to be at the top of many wish lists.","The MM-A900m offers great-looking design with the ability to download a rich selection of content directly to the phone. ","Samsung, MM-A900M, cell, phone","","","361.0000","0.0000","1","0","0","1","1.0000","1","100.0000","1","1","","0.0000","1","0","1","0","1","0.0000","1","0","Samsung MM-A900M Ace","0","simple","",""
"admin","base","Default","simple","3","MA464LL/A","1","Apple MacBook Pro MA464LL/A 15.4"" Notebook PC","Apple MacBook Pro MA464LL/A 15.4"" Notebook PC (2.0 GHz Intel Core Duo, 1 GB RAM, 100 GB Hard Drive, SuperDrive)","Apple MacBook Pro MA464LL/A 15.4"" Notebook PC (2.0 GHz Intel Core Duo, 1 GB RAM, 100 GB Hard Drive, SuperDrive)","/a/p/apple-macbook-pro-ma464ll-a-15-4-notebook-pc.jpg","/a/p/apple-macbook-pro-ma464ll-a-15-4-notebook-pc.jpg","/a/p/apple-macbook-pro-ma464ll-a-15-4-notebook-pc.jpg","apple-macbook-pro-ma464ll-a-15-4-notebook-pc-2-0-ghz-intel-core-duo-1-gb-ram-100-gb-hard-drive-superdrive","apple-macbook-pro-ma464ll-a-15-4-notebook-pc-2-0-ghz-intel-core-duo-1-gb-ram-100-gb-hard-drive-superdrive.html","Produto Info Coluna","","","","Usar configuração","USE DEFAULT","","2299.9900","1299.9900","10.6000","2299.9900","Habilitado","Taxable Goods","Catálogo, Busca","Sim","This, combined with myriad other engineering leaps, boosts performance up to four times higher than the PowerBook G4. With this awesome power, it's a breeze to render complex 3D models, enjoy smooth playback of HD video, or host a four-way video conference.Intel Core Duo is the first chip built using Intel's groundbreaking 65-nanometer process - resulting in transistors so small, you could fit a hundred inside a single human cell. With smaller distances for electrons to travel, and two processors designed to share resources and conserve power, Intel Core Duo achieves higher levels of performance as it uses fewer watts. Which is what makes it possible to design a super-powerful MacBook Pro that's only one inch thin.When Mac technology makes something easy, it's hardly news. So here's more non-news for MacBook Pro owners: software just works. If you see the Universal logo on a new application, that means it will run on Intel- and PowerPC-based Mac computers. For most existing applications, you simply do what you've always done: double-click them. Thanks to the Rosetta technology in Mac OS X, they look and feel just like they did before.","You've seen improvements in notebook performance before - but never on this scale. The Intel Core Duo powering MacBook Pro is actually two processors built into a single chip.","Apple MacBook Pro MA464LL/A 15.4"" Notebook PC (2.0 GHz Intel Core Duo, 1 GB RAM, 100 GB Hard Drive, SuperDrive) ","","","143.0000","0.0000","1","0","0","1","1.0000","1","100.0000","1","1","","0.0000","1","0","1","0","1","0.0000","1","0","Apple MacBook Pro MA464LL/A 15.4"" Notebook PC","0","simple","",""
"admin","base","Default","simple","3","LX.FR206.001","1","Acer Ferrari 3200 Notebook Computer PC","Acer Ferrari 3200 Notebook Computer PC","Acer Ferrari 3200 Notebook Computer PC","/a/c/acer-ferrari-3200-notebook-computer-pc.jpg","/a/c/acer-ferrari-3200-notebook-computer-pc.jpg","/a/c/acer-ferrari-3200-notebook-computer-pc.jpg","acer-ferrari-3200-notebook-computer-pc","acer-ferrari-3200-notebook-computer-pc.html","Bloco depois da Coluna de Informação","","","","Usar configuração","USE DEFAULT","","1799.9900","999.9900","11.4000","1799.9900","Habilitado","Taxable Goods","Catálogo, Busca","Sim"," Acer has flawlessly designed the Ferrari 3200, instilling it with exceptional performance, brilliant graphics, and lightning-fast connectivity. This exclusive edition is another striking symbol of cooperation between Acer and Ferrari -- two progressive companies with proud heritages built on passion, innovation, power and success.","This exclusive edition is another striking symbol of cooperation between Acer and Ferrari -- two progressive companies with proud heritages built on passion, innovation, power and success","Acer Ferrari 3200 Notebook Computer PC ","","","11.0000","0.0000","1","0","0","1","1.0000","1","100.0000","1","1","","0.0000","1","0","1","0","1","0.0000","1","0","Acer Ferrari 3200 Notebook Computer PC","0","simple","",""
"admin","base","Default","simple","3","VGN-TXN27N/B","0","Sony VAIO VGN-TXN27N/B 11.1"" Notebook PC","Sony VAIO VGN-TXN27N/B 11.1"" Notebook PC (Intel Core Solo Processor U1500, 2 GB RAM, 100 GB Hard Drive, DVD±RW Drive, Vista Business) Charcoal Black","Sony VAIO VGN-TXN27N/B 11.1"" Notebook PC (Intel Core Solo Processor U1500, 2 GB RAM, 100 GB Hard Drive, DVD±RW Drive, Vista Business) Charcoal Black","/s/o/sony-vaio-vgn-txn27n-b-11-1-notebook-pc.jpg","/s/o/sony-vaio-vgn-txn27n-b-11-1-notebook-pc.jpg","/s/o/sony-vaio-vgn-txn27n-b-11-1-notebook-pc.jpg","sony-vaio-vgn-txn27n-b-11-1-notebook-pc","sony-vaio-vgn-txn27n-b-11-1-notebook-pc.html","Bloco depois da Coluna de Informação","","","","Usar configuração","USE DEFAULT","","2699.9900","899.9900","2.8000","2699.9900","Habilitado","Taxable Goods","Catálogo, Busca","Sim"," Weighing in at just an amazing 2.84 pounds and offering a sleek, durable carbon-fiber case in charcoal black. And with 4 to 10 hours of standard battery life, it has the stamina to power you through your most demanding applications. With the integrated wireless WAN, you can access the national Sprint Mobile Broadband service to extend your wireless coverage beyond LAN access networks and hotspots, giving you the freedom to go farther, do more, and stay connected.

","Take a load off your shoulders when you're racing for your plane with the sleekly designed and ultra-portable Sony Vaio VGN-TXN27N/B notebook PC.","Sony, VAIO, VGN-TXN27N/B , Notebook, PC, Intel, 2 GB RAM, Laptop","","","595.0000","0.0000","1","0","0","1","1.0000","1","100.0000","1","1","","0.0000","1","0","1","0","1","0.0000","1","0","Sony VAIO VGN-TXN27N/B 11.1"" Notebook PC","0","simple","",""
"admin","base","Default","simple","3","M285-E","0","Toshiba M285-E 14""","Toshiba Satellite A135-S4527 155.4"" Notebook PC (Intel Pentium Dual Core Processor T2080, 1 GB RAM, 120 GB Hard Drive, SuperMulti DVD Drive, Vista Premium)","Toshiba M285-E 14"" Convertible Notebook PC (Intel Core Duo Processor T2300E, 1 GB RAM, 60","/t/o/toshiba-m285-e-14.jpg","/t/o/toshiba-m285-e-14.jpg","/t/o/toshiba-m285-e-14.jpg","toshiba-satellite-a135-s4527-155-4-notebook-pc-intel-pentium-dual-core-processor-t2080-1-gb-ram-120-gb-hard-drive-supermulti-dvd-drive-vista-premium","toshiba-satellite-a135-s4527-155-4-notebook-pc-intel-pentium-dual-core-processor-t2080-1-gb-ram-120-gb-hard-drive-supermulti-dvd-drive-vista-premium.html","Bloco depois da Coluna de Informação","","","","Usar configuração","USE DEFAULT","","1599.9900","899.9900","10.0000","1599.9900","Habilitado","Taxable Goods","Catálogo, Busca","Sim","Easily mobile at just 6 pounds, the Toshiba Satellite A135-S4527 makes it easy to get your work done with a large, bright 15.4-inch widescreen LCD. The XGA-resolution screen (1280 x 800) permits side-by-side viewing of documents for increased productivity. It's also great for using as a media center, with Toshiba's unique Express Media Player enabling you to bypass the system and access CDs and DVDs with a touch of button. This affordable notebook PC is powered by Intel's 1.73 GHz Core Duo T2080 processor, which provides an optimized, multithreaded architecture for improved gaming and multitasking performance and efficient power consumption. It also offers a 120 GB hard drive, 1 GB of installed RAM (2 GB maximum), dual-layer/multi-format DVD drive that also burns CDs, integrated 54g wireless connectivity, and Intel GMA 950 video card with up to 256 MB of shared video RAM.

","Get the competitive edge with the Gateway M285-E. This widescreen Convertible Notebook functions as both a conventional notebook and a tablet.","Toshiba, notebook, laptop, intel, ","","","681.0000","0.0000","1","0","0","1","1.0000","1","100.0000","1","1","","0.0000","1","0","1","0","1","0.0000","1","0","Toshiba M285-E 14""","0","simple","",""
"admin","base","Default","simple","","cn_3","0","CN Clogs Beach/Garden Clog","CN Clogs Beach/Garden Clog","CN Clogs Beach/Garden Clog","/c/n/cn-clogs-beach-garden-clog-2.jpg","/c/n/cn-clogs-beach-garden-clog-3.jpg","/c/n/cn-clogs-beach-garden-clog-4.jpg","cn-clogs-beach-garden-clog-3","cn-clogs-beach-garden-clog-3.html","Bloco depois da Coluna de Informação","","","","Usar configuração","USE DEFAULT","","15.9900","1.0000","1.0000","15.9900","Habilitado","Taxable Goods","Não Exibir Individualmente","Sim","Comfortable and fun to wear these clogs are the latest trend in fashion footwear. Wear them either at the beach, in your garden, at the mall or just about anywhere you would want to be comfortable.","Comfortable and fun to wear these clogs are the latest trend in fashion footwear","CN Clogs Beach/Garden Clog ","","","16.0000","0.0000","1","0","0","1","1.0000","1","100.0000","1","1","","0.0000","1","0","1","0","1","0.0000","1","0","CN Clogs Beach/Garden Clog","0","simple","",""
"admin","base","Default","simple","2","asc_8","0","ASICS® Men's GEL-Kayano® XII","ASICS® Men's GEL-Kayano® XII","ASICS® Men's GEL-Kayano® XII","","","","asics-men-s-gel-kayano-xii-8","asics-men-s-gel-kayano-xii-8.html","Bloco depois da Coluna de Informação","","","","Usar configuração","USE DEFAULT","","134.9900","29.9900","3.0000","134.9900","Habilitado","Taxable Goods","Não Exibir Individualmente","Sim","The ASICS® GEL-Kayano® XII running shoe delivers the ultimate blend of cushioning and support. Biomorphic Fit™ upper offers enhanced upper fit and comfort while decreasing the potential for irritation. Solyte midsole material is lighter than standard EVA and SpEVA® combined with improved cushioning and durability. Impact Guidance System (I.G.S.®) uses linked componentry to encourage optimal gait while allowing for natural foot movement from heel strike to toe off. DuoMax® support system helps ensure that the shoe maintains proper support for the foot during the critical transition from heel strike to toe off. Space Trusstic® System creates a pocket between the Trusstic® System device and the midsole, allowing for greater midsole deformation and more efficient foot function. GEL® Cushioning System provides maximum rearfoot and forefoot shock attenuation. Wt. 12.6 oz.","The ASICS® GEL-Kayano® XII running shoe delivers the ultimate blend of cushioning and support. Biomorphic Fit™ upper offers enhanced upper fit and comfort while decreasing the potential for irritation. ","ASICS® Men's GEL-Kayano® XII ","","","719.0000","0.0000","1","0","0","1","1.0000","1","100.0000","1","1","","0.0000","1","0","1","0","1","0.0000","1","0","ASICS® Men's GEL-Kayano® XII","0","simple","",""
"admin","base","Default","simple","3","steve_4","0","Steven by Steve Madden Pryme Pump","Steven by Steve Madden Pryme Pump","Steven by Steve Madden Pryme Pump","/s/t/steven-by-steve-madden-pryme-pump-2.jpg","/s/t/steven-by-steve-madden-pryme-pump-3.jpg","/s/t/steven-by-steve-madden-pryme-pump-4.jpg","steven-by-steve-madden-pryme-pump-4","steven-by-steve-madden-pryme-pump-4.html","Bloco depois da Coluna de Informação","","","","Usar configuração","USE DEFAULT","","69.9900","29.9900","2.0000","69.9900","Habilitado","Taxable Goods","Não Exibir Individualmente","Sim","Nothing will turn his head faster than you wearing the sexy Pryme pump from Steven by Steve Madden. This daring pump has a pretty patent leather upper with light shirring, a double stitch detail surrounding the collar, and a vampy almond shaped toe. It also features smooth linings, a fully cushioned insole, a sexy covered stiletto heel, and a lightly textured dress leather outsole. Any way you wear the Pryme, you're certain to catch a lot of attention.","Nothing will turn his head faster than you wearing the sexy Pryme pump from Steven by Steve Madden. This daring pump has a pretty patent leather upper with light shirring, a double stitch detail surrounding the collar, and a vampy almond shaped toe","Steven by Steve Madden Pryme Pump","","","441.0000","0.0000","1","0","0","1","1.0000","1","100.0000","1","1","","0.0000","1","0","1","0","1","0.0000","1","0","Steven by Steve Madden Pryme Pump","0","simple","",""
"admin","base","Default","simple","3","nine_3","0","Nine West Women's Lucero Pump","Nine West Women's Lucero Pump","Nine West Women's Lucero Pump","","","","nine-west-women-s-lucero-pump-3","nine-west-women-s-lucero-pump-3.html","Bloco depois da Coluna de Informação","","","","Usar configuração","USE DEFAULT","","89.9900","29.9900","2.0000","89.9900","Habilitado","Taxable Goods","Não Exibir Individualmente","Sim","The Lucero pump from Nine West may just leave him at a loss for words. This flirty pump has a leather upper, a pretty almond-shaped toe with a slight V-cut vamp, leather linings, and a cushioned insole for long-wearing comfort. The stiletto heel radiates a subtle hint of sensuality, so sass up your jean and t-shirt look or nighttime attire with this hot pump and you'll be absolutely unforgettable.","The Lucero pump from Nine West may just leave him at a loss for words. This flirty pump has a leather upper, a pretty almond-shaped toe with a slight V-cut vamp","Nine West Women's Lucero Pump ","","","805.0000","0.0000","1","0","0","1","1.0000","1","100.0000","1","1","","0.0000","1","0","1","0","1","0.0000","1","0","Nine West Women's Lucero Pump","0","simple","",""
"admin","base","Default","simple","3","ecco_3","0","ECCO Womens Golf Flexor Golf Shoe","ECCO Womens Golf Flexor Golf Shoe","ECCO Womens Golf Flexor Golf Shoe","/e/c/ecco-womens-golf-flexor-golf-shoe-2.jpg","/e/c/ecco-womens-golf-flexor-golf-shoe-3.jpg","/e/c/ecco-womens-golf-flexor-golf-shoe-4.jpg","ecco-womens-golf-flexor-golf-shoe-3","ecco-womens-golf-flexor-golf-shoe-3.html","Bloco depois da Coluna de Informação","","","","Usar configuração","USE DEFAULT","","159.9900","29.9900","4.0000","159.9900","Habilitado","Taxable Goods","Não Exibir Individualmente","Sim","Featuring a wide toe box and delivering optimum support, the sporty Golf Flexor golf shoe is a stylish cleat that you'll love wearing on and off the links. The contrasting embossed snakeskin panels attract interest, while the laid back lace-up style keeps things simple. And thanks to the one-year waterproof guarantee, you can trust these shoes to keep you in the game, even when conditions are less than perfect.","Featuring a wide toe box and delivering optimum support, the sporty Golf Flexor golf shoe is a stylish cleat that you'll love wearing on and off the links.","ECCO Womens Golf Flexor Golf Shoe","","","386.0000","0.0000","1","0","0","1","1.0000","1","100.0000","1","1","","0.0000","1","0","1","0","1","0.0000","1","0","ECCO Womens Golf Flexor Golf Shoe","0","simple","",""
"admin","base","Default","simple","3","ken_8","0","Kenneth Cole New York Men's Con-verge Slip-on","Kenneth Cole New York Men's Con-verge Slip-on","Kenneth Cole New York Men's Con-verge Slip-on","/k/e/kenneth-cole-new-york-men-s-con-verge-slip-on-2.jpg","/k/e/kenneth-cole-new-york-men-s-con-verge-slip-on-3.jpg","/k/e/kenneth-cole-new-york-men-s-con-verge-slip-on-4.jpg","kenneth-cole-new-york-men-s-con-verge-slip-on-8","kenneth-cole-new-york-men-s-con-verge-slip-on-8.html","Bloco depois da Coluna de Informação","","","","Usar configuração","USE DEFAULT","","160.9900","29.9900","2.0000","160.9900","Habilitado","Taxable Goods","Não Exibir Individualmente","Sim","High fashion and classic good looks converge in this suave slip on from Kenneth Cole. Smooth leather upper in a dress slip on style, with a stitched and covered seam moc-inspired square toe, quarter panel curved overlays and flared tongue with side elastic panels for a comfortable, secure fit. Smooth leather lining, cushioned leather topped insole. Dress midsole with a beveled edge, 1 inch capped dress heel. Flat traction outsole.","High fashion and classic good looks converge in this suave slip on from Kenneth Cole. Smooth leather upper in a dress slip on style, with a stitched and covered seam moc-inspired square toe, quarter panel curved overlays and flared tongue","Kenneth Cole New York Men's Con-verge Slip-on","","","718.0000","0.0000","1","0","0","1","1.0000","1","100.0000","1","1","","0.0000","1","0","1","0","1","0.0000","1","0","Kenneth Cole New York Men's Con-verge Slip-on","0","simple","",""
"admin","base","Default","simple","3","coal_sm","0","Coalesce: Functioning On Impatience T-Shirt","Coalesce: Functioning On Impatience T-Shirt","Coalesce: Functioning On Impatience T-Shirt","","","","coalesce-functioning-on-impatience-t-shirt-small","coalesce-functioning-on-impatience-t-shirt-small.html","Bloco depois da Coluna de Informação","","","","Usar configuração","USE DEFAULT","","15.0000","2.0000","0.5000","15.0000","Habilitado","Taxable Goods","Não Exibir Individualmente","Sim","# 6.1 oz. 100% preshrunk heavyweight cotton 
# Shoulder-to-shoulder taping
# Double-needle sleeves and bottom hem","# 6.1 oz. 100% preshrunk heavyweight cotton 
# Shoulder-to-shoulder taping
# Double-needle sleeves and bottom hem","Coalesce: Functioning On Impatience T-Shirt","","","580.0000","0.0000","1","0","0","1","1.0000","1","100.0000","1","1","","0.0000","1","0","1","0","1","0.0000","1","0","Coalesce: Functioning On Impatience T-Shirt","0","simple","",""
"admin","base","Default","simple","3","ink_sm","0","Ink Eater: Krylon Bombear Destroyed Tee","Ink Eater: Krylon Bombear Destroyed Tee","Ink Eater: Krylon Bombear Destroyed Tee","","","","ink-eater-krylon-bombear-destroyed-tee-sm","ink-eater-krylon-bombear-destroyed-tee-sm.html","Bloco depois da Coluna de Informação","","","","Usar configuração","USE DEFAULT","","22.0000","2.0000","0.5000","22.0000","Habilitado","Taxable Goods","Não Exibir Individualmente","Sim","We bought these with the intention of making shirts for our family reunion, only to come back the next day to find each and every one of them had been tagged by The Bear.  Oh well -- can't argue with art.  Now you can make your grandparents proud by wearing an original piece of graf work to YOUR family reunion!","We bought these with the intention of making shirts for our family reunion, only to come back the next day to find each and every one of them had been tagged by The Bear.  Oh well -- can't argue with art.  Now you can make your grandparents proud by wearing an original piece of graf work to YOUR family reunion!","Ink Eater: Krylon Bombear Destroyed Tee","","","79.0000","0.0000","1","0","0","1","1.0000","1","100.0000","1","0","","0.0000","1","0","1","0","1","0.0000","1","0","Ink Eater: Krylon Bombear Destroyed Tee","0","simple","",""
"admin","base","Default","simple","3","oc_sm","0","The Only Children: Paisley T-Shirt","The Only Children: Paisley T-Shirt","The Only Children: Paisley T-Shirt","/t/h/the-only-children-paisley-t-shirt-1.jpg","/t/h/the-only-children-paisley-t-shirt-2.jpg","/t/h/the-only-children-paisley-t-shirt-3.jpg","the-only-children-paisley-t-shirt-sm","the-only-children-paisley-t-shirt-sm.html","Bloco depois da Coluna de Informação","","","","Usar configuração","USE DEFAULT","","15.0000","2.0000","0.4400","15.0000","Habilitado","Taxable Goods","Não Exibir Individualmente","Sim","# 6.1 oz. 100% preshrunk heavyweight cotton 
# Double-needle sleeves and bottom hem","Printed on American Apparel Classic style 5495 California cotton T shirst.   ","The Only Children: Paisley T-Shirt","","","722.0000","0.0000","1","0","0","1","1.0000","1","100.0000","1","1","","0.0000","1","0","1","0","1","0.0000","1","0","The Only Children: Paisley T-Shirt","0","simple","",""
"admin","base","Default","simple","3","zol_r_sm","0","Zolof The Rock And Roll Destroyer: LOL Cat T-shirt","Zolof The Rock And Roll Destroyer: LOL Cat T-shirt","Zolof The Rock And Roll Destroyer: LOL Cat T-shirt","/z/o/zolof-the-rock-and-roll-destroyer-lol-cat-t-shirt-1.jpg","/z/o/zolof-the-rock-and-roll-destroyer-lol-cat-t-shirt-2.jpg","/z/o/zolof-the-rock-and-roll-destroyer-lol-cat-t-shirt-3.jpg","zolof-the-rock-and-roll-destroyer-lol-cat-t-shirt-r-sm","zolof-the-rock-and-roll-destroyer-lol-cat-t-shirt-r-sm.html","Bloco depois da Coluna de Informação","","","","Usar configuração","USE DEFAULT","","13.5000","2.0000","0.4400","13.5000","Habilitado","Taxable Goods","Não Exibir Individualmente","Sim","# 6.1 oz. 100% preshrunk heavyweight cotton 
# Shoulder-to-shoulder taping
# Double-needle sleeves and bottom hem","Printed on American Apparel Classic style 5495 California t-shirts.  ","Zolof The Rock And Roll Destroyer: LOL Cat T-shirt","","","99.0000","0.0000","1","0","0","1","1.0000","1","100.0000","1","1","","0.0000","1","0","1","0","1","0.0000","1","0","Zolof The Rock And Roll Destroyer: LOL Cat T-shirt","0","simple","",""
"admin","base","Default","simple","2","4fasd5f5","0","The Get Up Kids: Band Camp Pullover Hoodie","The Get Up Kids: Band Camp Pullover Hoodie","The Get Up Kids: Band Camp Pullover Hoodie","/t/h/the-get-up-kids-band-camp-pullover-hoodie-1.jpg","/t/h/the-get-up-kids-band-camp-pullover-hoodie-1.jpg","/t/h/the-get-up-kids-band-camp-pullover-hoodie-1.jpg","the-get-up-kids-band-camp-pullover-hoodie","the-get-up-kids-band-camp-pullover-hoodie.html","Bloco depois da Coluna de Informação","","","","Usar configuração","USE DEFAULT","","30.0000","5.0000","1.7500","","Habilitado","Taxable Goods","Catálogo, Busca","Sim","Printed on American Apparel Classic style 5495 California Fleece Pull-Over Hoodies.  Sizing info is available here. ","Printed on American Apparel Classic style 5495 California Fleece Pull-Over Hoodies.  ","The Get Up Kids: Band Camp Pullover Hoodie","","","234.0000","0.0000","1","0","0","1","1.0000","1","100.0000","1","1","","0.0000","1","0","1","0","1","0.0000","1","0","The Get Up Kids: Band Camp Pullover Hoodie","0","simple","",""
"admin","base","Default","simple","2","384822","0","Akio Dresser","Akio Dresser","Our Akio dresser has a solid hardwood frame.  Features include inset panel sides and for spacious drawers and two wicker baskets.","/a/k/akio-dresser.jpg","/a/k/akio-dresser.jpg","/a/k/akio-dresser.jpg","akio-dresser","akio-dresser.html","Bloco depois da Coluna de Informação","","","","Usar configuração","USE DEFAULT","","399.9900","100.0000","128.9700","399.9900","Habilitado","Taxable Goods","Catálogo, Busca","Sim","Features include inset panel sides and for spacious drawers and two wicker baskets. 41""Wx18""Dx36""H.","Our Akio dresser has a solid hardwood frame.  ","Hardwood, drawers, wicker, asian, beechwood","","","339.0000","0.0000","1","0","0","1","1.0000","1","100.0000","1","1","","0.0000","1","0","1","0","1","0.0000","1","0","Akio Dresser","0","simple","",""
"admin","base","Default","simple","2","bar1234","0","Barcelona Bamboo Platform Bed","Barcelona Bamboo Platform Bed","Our Barcelona platform bed captures the spirit and drama of late 20th century design with a variety of subtle details.","/b/a/barcelona-bamboo-platform-bed.jpg","/b/a/barcelona-bamboo-platform-bed.jpg","/b/a/barcelona-bamboo-platform-bed.jpg","barcelona-bamboo-platform-bed","barcelona-bamboo-platform-bed.html","Bloco depois da Coluna de Informação","","","","Usar configuração","USE DEFAULT","","2299.0000","800.0000","150.0000","2299.0000","Habilitado","Taxable Goods","Catálogo, Busca","Sim","Entirely handcrafted of solid Bamboo. Designed for use with a mattress alone, it includes a sturdy, padded wood platform for comfort and proper mattress support.","Our Barcelona platform bed captures the spirit and drama of late 20th century design with a variety of subtle details.","bamboo, barcelona, platform, bed","","","994.0000","0.0000","1","0","0","1","1.0000","1","100.0000","1","1","","0.0000","1","0","1","0","1","0.0000","1","0","Barcelona Bamboo Platform Bed","0","simple","",""
"admin","base","Default","simple","3","Rebel XT","0","Canon Digital Rebel XT 8MP Digital SLR Camera","Canon Digital Rebel XT 8MP Digital SLR Camera with EF-S 18-55mm f3.5-5.6 Lens (Black)","Canon Digital Rebel XT 8MP Digital SLR Camera with EF-S 18-55mm f3.5-5.6 Lens (Black)","/c/a/canon-digital-rebel-xt-8mp-digital-slr-camera-1.jpg","/c/a/canon-digital-rebel-xt-8mp-digital-slr-camera-1.jpg","/c/a/canon-digital-rebel-xt-8mp-digital-slr-camera-1.jpg","canon-digital-rebel-xt-8mp-digital-slr-camera-with-ef-s-18-55mm-f3-5-5-6-lens-black","canon-digital-rebel-xt-8mp-digital-slr-camera-with-ef-s-18-55mm-f3-5-5-6-lens-black.html","Bloco depois da Coluna de Informação","","","","Usar configuração","USE DEFAULT","","550.0000","200.0000","4.0000","449.0000","Habilitado","Taxable Goods","Catálogo, Busca","Sim","The Canon EOS Digital Rebel camera now has a new, faster, even smaller big brother. Sibling rivalries aside, the 8.0-megapixel Canon EOS Digital Rebel XT SLR adds resolution, speed, extra creative control, and enhanced comfort in the hand to one of the smallest and lightest digital cameras in its class. Even with its advancements in ergonomic design and technology, this easy-to-use EOS digital camera is compatible with all of Canon's EF lenses, including the EF-S lenses."," Canon EOS Digital Rebel XT SLR adds resolution, speed, extra creative control, and enhanced comfort in the hand to one of the smallest and lightest digital cameras in its class. ","canon, slr, camera, 8, digital","","","452.0000","0.0000","1","0","0","1","1.0000","1","100.0000","1","1","","0.0000","1","0","1","0","1","0.0000","1","0","Canon Digital Rebel XT 8MP Digital SLR Camera","0","simple","",""
"admin","base","Default","simple","3","QC-2185","0"," Argus QC-2185 Quick Click 5MP Digital Camera","Argus QC-2185 Quick Click 2MP Digital Camera","Argus QC-2185 Quick Click 2MP Digital Camera","/a/r/argus-qc-2185-quick-click-5mp-digital-camera-2.jpg","/a/r/argus-qc-2185-quick-click-5mp-digital-camera-2.jpg","/a/r/argus-qc-2185-quick-click-5mp-digital-camera-2.jpg","argus-qc-2185-quick-click-5mp-digital-camera","argus-qc-2185-quick-click-5mp-digital-camera.html","Bloco depois da Coluna de Informação","","","","Usar configuração","USE DEFAULT","","37.4900","20.0000","1.0000","37.4900","Habilitado","Taxable Goods","Catálogo, Busca","Sim","The Argus QC-2185 Quick Click 5MP digital camera offers all the basic features you need in a compact and stylish digital camera. This unit is easy to use, and is perfect for those who want a completely portable option for taking good pictures, without having to empty their wallet.

The Argus QC-2185 features a clear and bright 1.1-inch CSTN (color super-twist nematic) LCD display that makes it easy to frame the perfect picture. Thanks to its USB 1.1 connection compatibility, this digital camera lets you quickly download pictures to your Mac or PC, and can also function as a handy web camera. The QC-2185 includes eight megabytes of internal SDRAM memory, with the ability to expand camera memory via a built-in SD (secure digital) storage card slot for easy storage and transfer of your pictures. This unit also includes a built-in auto flash with a three to seven foot range, and comes with ArcSoft PhotoImpression's photo editing software which makes it easy for you to edit, crop, adjust and improve all your best pictures to make them even better.
","The Argus QC-2185 Quick Click 5MP digital camera offers all the basic features you need in a compact and stylish digital camera. This unit is easy to use, and is perfect for those who want a completely portable option for taking good pictures, without having to empty their wallet.","Argus, QC-2185, digital, camera, 2MP","","","120.0000","0.0000","1","0","0","1","1.0000","1","100.0000","1","1","","0.0000","1","0","1","0","1","0.0000","1","0"," Argus QC-2185 Quick Click 5MP Digital Camera","0","simple","",""
"admin","base","Default","simple","2","750","0"," Olympus Stylus 750 7.1MP Digital Camera","Olympus Stylus 750 7.1MP Digital Camera with Digital Image Stabilized 5x Optical Zoom and CCD Shift Stabilization (Silver)","Olympus Stylus 750 7.1MP Digital Camera with Digital Image Stabilized 5x Optical Zoom and CCD Shift Stabilization (Silver)","/o/l/olympus-stylus-750-7-1mp-digital-camera-2.jpg","/o/l/olympus-stylus-750-7-1mp-digital-camera-2.jpg","/o/l/olympus-stylus-750-7-1mp-digital-camera-2.jpg","olympus-stylus-750-7-1mp-digital-camera","olympus-stylus-750-7-1mp-digital-camera.html","Bloco depois da Coluna de Informação","","","","Usar configuração","USE DEFAULT","","161.9400","29.9900","2.0000","161.9400","Habilitado","Taxable Goods","Catálogo, Busca","Sim","Olympus continues to innovate with the launch of the Stylus 750 digital camera, a technically sophisticated point-and-shoot camera offering a number of pioneering technologies such as Dual Image Stabilization, Bright Capture Technology, and TruePic Turbo, as well as a powerful 5x optical zoom that tucks away into a streamlined metal, all-weather body design. The camera is distinguished by a number of premium features, including:

    * An advanced combination of the mechanical CCD-shift Image Stabilization and Digital Image Stabilization work together to ensure the clearest pictures possible in any situation;
    * A 5x optical zoom lens with a newly developed lens element to maintain a small compact size;
    * A 2.5-inch LCD and Bright Capture Technology dramatically improve composition, capture and review of images in low-light situations;
    * Olympus' exclusive TruePic Turbo Image Processing engine is coupled with a 7.1-megapixel image sensor to produce crisp, high-quality p","A technically sophisticated point-and-shoot camera offering a number of pioneering technologies such as Dual Image Stabilization, Bright Capture Technology, and TruePic Turbo, as well as a powerful 5x optical zoom.","Olympus, stylus, 750, 7MP, digital, camera, zoom","","","932.0000","0.0000","1","0","0","1","1.0000","1","100.0000","1","1","","0.0000","1","0","1","0","1","0.0000","1","0"," Olympus Stylus 750 7.1MP Digital Camera","0","simple","",""
"admin","base","Default","simple","2","A630","0","Canon PowerShot A630 8MP Digital Camera with 4x Optical Zoom","Canon PowerShot A630 8MP Digital Camera with 4x Optical Zoom","Canon PowerShot A630 8MP Digital Camera with 4x Optical Zoom","/c/a/canon-powershot-a630-8mp-digital-camera-with-4x-optical-zoom-2.jpg","/c/a/canon-powershot-a630-8mp-digital-camera-with-4x-optical-zoom-2.jpg","/c/a/canon-powershot-a630-8mp-digital-camera-with-4x-optical-zoom-2.jpg","canon-powershot-a630-8mp-digital-camera-with-4x-optical-zoom","canon-powershot-a630-8mp-digital-camera-with-4x-optical-zoom.html","Bloco depois da Coluna de Informação","","","","Usar configuração","USE DEFAULT","","329.9900","29.9900","3.0000","329.9900","Habilitado","Taxable Goods","Catálogo, Busca","Sim","Replacing the highly popular PowerShot A620, the PowerShot A630 features a rotating 2.5-inch vari-angle LCD, 4x optical zoom lens, and a vast array of creative shooting modes.<br>

The PowerShot A630 packs a vast array of advanced features into a remarkably compact space<br><br>

","Replacing the highly popular PowerShot A620, the PowerShot A630 features a rotating 2.5-inch vari-angle LCD, 4x optical zoom lens, and a vast array of creative shooting modes.","canon, powershot, A630, digital, camera, optical, zoom","","","673.0000","0.0000","1","0","0","1","1.0000","1","100.0000","1","1","","0.0000","1","0","1","0","1","0.0000","1","0","Canon PowerShot A630 8MP Digital Camera with 4x Optical Zoom","0","simple","",""
"admin","base","Default","simple","","C530","0","Kodak EasyShare C530 5MP Digital Camera","Kodak EasyShare C530 5MP Digital Camera","Kodak EasyShare C530 5MP Digital Camera","/k/o/kodak-easyshare-c530-5mp-digital-camera-2.jpg","/k/o/kodak-easyshare-c530-5mp-digital-camera-2.jpg","/k/o/kodak-easyshare-c530-5mp-digital-camera-2.jpg","kodak-easyshare-c530-5mp-digital-camera","kodak-easyshare-c530-5mp-digital-camera.html","Bloco depois da Coluna de Informação","","","","Usar configuração","USE DEFAULT","","199.9900","29.9900","2.0000","199.9900","Habilitado","Taxable Goods","Catálogo, Busca","Sim","Small on size. Big on value. Kodak's newest C-Series digital camera, the C530, sports awesome features--such as 5.0-megapixel CCD resolution, on-camera image cropping, and an on-camera Share button--at a very affordable price.","Small on size. Big on value. Kodak's newest C-Series digital camera, the C530, sports awesome features","kodak, eayshare, c530, 5MP, digital, camera","","","872.0000","0.0000","1","0","0","1","1.0000","1","100.0000","1","1","","0.0000","1","0","1","0","1","0.0000","1","0","Kodak EasyShare C530 5MP Digital Camera","0","simple","",""
"admin","base","Default","simple","2","ana_9","0","Anashria Womens Premier Leather Sandal","Anashria Womens Premier Leather Sandal","Anashria Womens Premier Leather Sandal","/a/n/anashria-womens-premier-leather-sandal-2.jpg","","","anashria-womens-premier-leather-sandal-9","anashria-womens-premier-leather-sandal-9.html","Bloco depois da Coluna de Informação","","","","Usar configuração","USE DEFAULT","","41.9500","10.0000","2.0000","41.9500","Habilitado","Taxable Goods","Não Exibir Individualmente","Sim","Womens Premier Leather Single Layer Narrow Strap - NEW Colors Available - Womens Style - Genuine Top Grain Premier Leather - Rich Color Tones - Straps lined with 2000 lb test nylon - Guaranteed for the Life of the Sole - Non-slip sole - Note: Rainbow is in the process of unveiling a new toe post tag that is much smaller than the original tag.","Womens Premier Leather Single Layer Narrow Strap - NEW Colors Available - Womens Style - Genuine Top Grain Premier Leather - Rich Color Tones - Straps lined with 2000 lb test nylon - Guaranteed for the Life of the Sole - Non-slip sole - Note: Rainbow is in the process of unveiling a new toe post tag that is much smaller than the original tag.","womens, sandal, leather, anashria, ","","","456.0000","0.0000","1","0","0","1","1.0000","1","100.0000","1","1","","0.0000","1","0","1","0","1","0.0000","1","0","Anashria Womens Premier Leather Sandal","0","simple","",""
"admin","base","Default","simple","2","1111","0","Ottoman","Ottoman","Ottoman","/o/t/ottoman.jpg","/o/t/ottoman.jpg","/o/t/ottoman.jpg","ottoman","ottoman.html","Bloco depois da Coluna de Informação","","","","Usar configuração","USE DEFAULT","","299.9900","50.0000","20.0000","299.9900","Habilitado","Taxable Goods","Catálogo, Busca","Sim","The Magento ottoman will impress with its style while it delivers on quality. This piece of living room furniture is built to last with durable solid wood framing, generous padding and plush stain-resistant microfiber upholstery.","With durable solid wood framing, generous padding and plush stain-resistant microfiber upholstery.","Ottoman","","","697.0000","0.0000","1","0","0","1","1.0000","1","100.0000","1","1","","0.0000","1","0","1","0","1","0.0000","1","0","Ottoman","0","simple","",""
"admin","base","Default","simple","2","1112","0","Chair","Chair","Chair","/c/h/chair.jpg","/c/h/chair.jpg","/c/h/chair.jpg","chair","chair.html","Bloco depois da Coluna de Informação","","","","Usar configuração","USE DEFAULT","","129.9900","50.0000","50.0000","129.9900","Habilitado","Taxable Goods","Catálogo, Busca","Sim","This Magento chair features a fun, futuristic design, with fluid curves and gentle angles that follow the shape of the body to enhance ultimate relaxation. It combines a hint of nostalgia with the up-to-date sensibility and function of modern chairs. It is in soft, velvety microfiber.","Combining a hint of nostalgia with the up-to-date sensibility and function of modern chairs. It is in soft, velvety microfiber.","Chair","","","724.0000","0.0000","1","0","0","1","1.0000","1","100.0000","1","1","","0.0000","1","0","1","0","1","0.0000","1","0","Chair","0","simple","",""
"admin","base","Default","simple","2","1113","0","Couch","Couch","Couch","/c/o/couch.jpg","/c/o/couch.jpg","/c/o/couch.jpg","couch","couch.html","Bloco depois da Coluna de Informação","","","","Usar configuração","USE DEFAULT","","599.9900","200.0000","200.0000","599.9900","Habilitado","Taxable Goods","Catálogo, Busca","Sim","Inspired by the classic camelback sofa, Magento offers comfort and style in a low maintenance package.  For a sleek, simple and stylish piece, look no further than the Magento sofa - or sofabed!","For a sleek, simple and stylish piece, look no further than the Magento sofa - or sofabed!","Couch","","","956.0000","0.0000","1","0","0","1","1.0000","1","100.0000","1","1","","0.0000","1","0","1","0","1","0.0000","1","0","Couch","0","simple","",""
"admin","base","Default","grouped","2","1114","0","Magento Red Furniture Set","Magento Red Furniture Set","Magento Red Furniture Set","/m/a/magento-red-furniture-set.jpg","/m/a/magento-red-furniture-set.jpg","/m/a/magento-red-furniture-set.jpg","magento-red-furniture-set","magento-red-furniture-set.html","Bloco depois da Coluna de Informação","","","","Usar configuração","USE DEFAULT","","","","","","Habilitado","","Catálogo, Busca","Sim","The perfect furniture set for the living room!  Love red?  You'll love these pieces of handmade modern furniture!","Love red?  You'll love these pieces of handmade modern furniture!","Magento, Red, Furniture, Set, ottoman, couch, chair","","","0.0000","0.0000","1","0","0","1","1.0000","1","0.0000","1","1","","","1","0","1","0","1","0.0000","1","0","Magento Red Furniture Set","0","grouped","",""
"admin","base","Default","simple","2","ana_3","0","Anashria Womens Premier Leather Sandal","Anashria Womens Premier Leather Sandal","Anashria Womens Premier Leather Sandal","/a/n/anashria-womens-premier-leather-sandal.jpg","/a/n/anashria-womens-premier-leather-sandal.jpg","/a/n/anashria-womens-premier-leather-sandal.jpg","anashria-womens-premier-leather-sandal-3","anashria-womens-premier-leather-sandal-3.html","Bloco depois da Coluna de Informação","","","","Usar configuração","USE DEFAULT","","41.9500","10.0000","2.0000","41.9500","Habilitado","Taxable Goods","Não Exibir Individualmente","Sim","Womens Premier Leather Single Layer Narrow Strap - NEW Colors Available - Womens Style - Genuine Top Grain Premier Leather - Rich Color Tones - Straps lined with 2000 lb test nylon - Guaranteed for the Life of the Sole - Non-slip sole - Note: Rainbow is in the process of unveiling a new toe post tag that is much smaller than the original tag.","Womens Premier Leather Single Layer Narrow Strap - NEW Colors Available - Womens Style - Genuine Top Grain Premier Leather - Rich Color Tones - Straps lined with 2000 lb test nylon - Guaranteed for the Life of the Sole - Non-slip sole - Note: Rainbow is in the process of unveiling a new toe post tag that is much smaller than the original tag.","womens, sandal, leather, anashria, ","","","999.0000","0.0000","1","0","0","1","1.0000","1","100.0000","1","1","","0.0000","1","0","1","0","1","0.0000","1","0","Anashria Womens Premier Leather Sandal","0","simple","",""
"admin","base","Default","simple","2","ana_4","0","Anashria Womens Premier Leather Sandal","Anashria Womens Premier Leather Sandal","Anashria Womens Premier Leather Sandal","/a/n/anashria-womens-premier-leather-sandal-2_1.jpg","","","anashria-womens-premier-leather-sandal-4","anashria-womens-premier-leather-sandal-4.html","Bloco depois da Coluna de Informação","","","","Usar configuração","USE DEFAULT","","41.9500","10.0000","2.0000","41.9500","Habilitado","Taxable Goods","Não Exibir Individualmente","Sim","Womens Premier Leather Single Layer Narrow Strap - NEW Colors Available - Womens Style - Genuine Top Grain Premier Leather - Rich Color Tones - Straps lined with 2000 lb test nylon - Guaranteed for the Life of the Sole - Non-slip sole - Note: Rainbow is in the process of unveiling a new toe post tag that is much smaller than the original tag.","Womens Premier Leather Single Layer Narrow Strap - NEW Colors Available - Womens Style - Genuine Top Grain Premier Leather - Rich Color Tones - Straps lined with 2000 lb test nylon - Guaranteed for the Life of the Sole - Non-slip sole - Note: Rainbow is in the process of unveiling a new toe post tag that is much smaller than the original tag.","womens, sandal, leather, anashria, ","","","617.0000","0.0000","1","0","0","1","1.0000","1","100.0000","1","1","","0.0000","1","0","1","0","1","0.0000","1","0","Anashria Womens Premier Leather Sandal","0","simple","",""
"admin","base","Default","simple","2","ana_5","0","Anashria Womens Premier Leather Sandal","Anashria Womens Premier Leather Sandal","Anashria Womens Premier Leather Sandal","/a/n/anashria-womens-premier-leather-sandal_1.jpg","/a/n/anashria-womens-premier-leather-sandal-1.jpg","/a/n/anashria-womens-premier-leather-sandal-2_2.jpg","anashria-womens-premier-leather-sandal-5","anashria-womens-premier-leather-sandal-5.html","Bloco depois da Coluna de Informação","","","","Usar configuração","USE DEFAULT","","41.9500","10.0000","2.0000","41.9500","Habilitado","Taxable Goods","Não Exibir Individualmente","Sim","Womens Premier Leather Single Layer Narrow Strap - NEW Colors Available - Womens Style - Genuine Top Grain Premier Leather - Rich Color Tones - Straps lined with 2000 lb test nylon - Guaranteed for the Life of the Sole - Non-slip sole - Note: Rainbow is in the process of unveiling a new toe post tag that is much smaller than the original tag.","Womens Premier Leather Single Layer Narrow Strap - NEW Colors Available - Womens Style - Genuine Top Grain Premier Leather - Rich Color Tones - Straps lined with 2000 lb test nylon - Guaranteed for the Life of the Sole - Non-slip sole - Note: Rainbow is in the process of unveiling a new toe post tag that is much smaller than the original tag.","womens, sandal, leather, anashria, ","","","797.0000","0.0000","1","0","0","1","1.0000","1","100.0000","1","1","","0.0000","1","0","1","0","1","0.0000","1","0","Anashria Womens Premier Leather Sandal","0","simple","",""
"admin","base","Default","simple","2","ana_6","0","Anashria Womens Premier Leather Sandal","Anashria Womens Premier Leather Sandal","Anashria Womens Premier Leather Sandal","/a/n/anashria-womens-premier-leather-sandal_2.jpg","/a/n/anashria-womens-premier-leather-sandal-1_1.jpg","/a/n/anashria-womens-premier-leather-sandal-2_3.jpg","anashria-womens-premier-leather-sandal-6","anashria-womens-premier-leather-sandal-6.html","Bloco depois da Coluna de Informação","","","","Usar configuração","USE DEFAULT","","41.9500","10.0000","2.0000","41.9500","Habilitado","Taxable Goods","Não Exibir Individualmente","Sim","Womens Premier Leather Single Layer Narrow Strap - NEW Colors Available - Womens Style - Genuine Top Grain Premier Leather - Rich Color Tones - Straps lined with 2000 lb test nylon - Guaranteed for the Life of the Sole - Non-slip sole - Note: Rainbow is in the process of unveiling a new toe post tag that is much smaller than the original tag.","Womens Premier Leather Single Layer Narrow Strap - NEW Colors Available - Womens Style - Genuine Top Grain Premier Leather - Rich Color Tones - Straps lined with 2000 lb test nylon - Guaranteed for the Life of the Sole - Non-slip sole - Note: Rainbow is in the process of unveiling a new toe post tag that is much smaller than the original tag.","womens, sandal, leather, anashria, ","","","856.0000","0.0000","1","0","0","1","1.0000","1","100.0000","1","1","","0.0000","1","0","1","0","1","0.0000","1","0","Anashria Womens Premier Leather Sandal","0","simple","",""
"admin","base","Default","simple","2","ana_7","0","Anashria Womens Premier Leather Sandal","Anashria Womens Premier Leather Sandal","Anashria Womens Premier Leather Sandal","/a/n/anashria-womens-premier-leather-sandal_3.jpg","/a/n/anashria-womens-premier-leather-sandal-1_2.jpg","/a/n/anashria-womens-premier-leather-sandal-2_4.jpg","anashria-womens-premier-leather-sandal-7","anashria-womens-premier-leather-sandal-7.html","Bloco depois da Coluna de Informação","","","","Usar configuração","USE DEFAULT","","41.9500","10.0000","2.0000","41.9500","Habilitado","Taxable Goods","Não Exibir Individualmente","Sim","Womens Premier Leather Single Layer Narrow Strap - NEW Colors Available - Womens Style - Genuine Top Grain Premier Leather - Rich Color Tones - Straps lined with 2000 lb test nylon - Guaranteed for the Life of the Sole - Non-slip sole - Note: Rainbow is in the process of unveiling a new toe post tag that is much smaller than the original tag.","Womens Premier Leather Single Layer Narrow Strap - NEW Colors Available - Womens Style - Genuine Top Grain Premier Leather - Rich Color Tones - Straps lined with 2000 lb test nylon - Guaranteed for the Life of the Sole - Non-slip sole - Note: Rainbow is in the process of unveiling a new toe post tag that is much smaller than the original tag.","womens, sandal, leather, anashria, ","","","660.0000","0.0000","1","0","0","1","1.0000","1","100.0000","1","1","","0.0000","1","0","1","0","1","0.0000","1","0","Anashria Womens Premier Leather Sandal","0","simple","",""
"admin","base","Default","simple","2","ana_8","0","Anashria Womens Premier Leather Sandal","Anashria Womens Premier Leather Sandal","Anashria Womens Premier Leather Sandal","/a/n/anashria-womens-premier-leather-sandal_4.jpg","/a/n/anashria-womens-premier-leather-sandal-1_3.jpg","/a/n/anashria-womens-premier-leather-sandal-2_5.jpg","anashria-womens-premier-leather-sandal-8","anashria-womens-premier-leather-sandal-8.html","Bloco depois da Coluna de Informação","","","","Usar configuração","USE DEFAULT","","41.9500","10.0000","2.0000","41.9500","Habilitado","Taxable Goods","Não Exibir Individualmente","Sim","Womens Premier Leather Single Layer Narrow Strap - NEW Colors Available - Womens Style - Genuine Top Grain Premier Leather - Rich Color Tones - Straps lined with 2000 lb test nylon - Guaranteed for the Life of the Sole - Non-slip sole - Note: Rainbow is in the process of unveiling a new toe post tag that is much smaller than the original tag.","Womens Premier Leather Single Layer Narrow Strap - NEW Colors Available - Womens Style - Genuine Top Grain Premier Leather - Rich Color Tones - Straps lined with 2000 lb test nylon - Guaranteed for the Life of the Sole - Non-slip sole - Note: Rainbow is in the process of unveiling a new toe post tag that is much smaller than the original tag.","womens, sandal, leather, anashria, ","","","321.0000","0.0000","1","0","0","1","1.0000","1","100.0000","1","1","","0.0000","1","0","1","0","1","0.0000","1","0","Anashria Womens Premier Leather Sandal","0","simple","",""
"admin","base","Default","configurable","","cn","1","CN Clogs Beach/Garden Clog","CN Clogs Beach/Garden Clog","CN Clogs Beach/Garden Clog","/c/n/cn-clogs-beach-garden-clog.jpg","/c/n/cn-clogs-beach-garden-clog.jpg","/c/n/cn-clogs-beach-garden-clog.jpg","cn-clogs-beach-garden-clog","cn-clogs-beach-garden-clog.html","Produto Info Coluna","","","","Usar configuração","USE DEFAULT","","15.9900","","","13.9900","Habilitado","Taxable Goods","Catálogo, Busca","Sim","Comfortable and fun to wear these clogs are the latest trend in fashion footwear. Wear them either at the beach, in your garden, at the mall or just about anywhere you would want to be comfortable.","Comfortable and fun to wear these clogs are the latest trend in fashion footwear","cn, clogs, outdoor, shoes, sandals, comfortable","","","0.0000","0.0000","1","0","0","1","1.0000","1","0.0000","1","1","","","1","0","1","0","1","0.0000","1","0","CN Clogs Beach/Garden Clog","0","configurable","",""
"admin","base","Default","simple","","cn_4","0","CN Clogs Beach/Garden Clog","CN Clogs Beach/Garden Clog","CN Clogs Beach/Garden Clog","/c/n/cn-clogs-beach-garden-clog_1.jpg","/c/n/cn-clogs-beach-garden-clog-1.jpg","/c/n/cn-clogs-beach-garden-clog-2_1.jpg","cn-clogs-beach-garden-clog-4","cn-clogs-beach-garden-clog-4.html","Bloco depois da Coluna de Informação","","","","Usar configuração","USE DEFAULT","","15.9900","1.0000","1.0000","15.9900","Habilitado","Taxable Goods","Não Exibir Individualmente","Sim","Comfortable and fun to wear these clogs are the latest trend in fashion footwear. Wear them either at the beach, in your garden, at the mall or just about anywhere you would want to be comfortable.","Comfortable and fun to wear these clogs are the latest trend in fashion footwear","CN Clogs Beach/Garden Clog ","","","859.0000","0.0000","1","0","0","1","1.0000","1","100.0000","1","1","","0.0000","1","0","1","0","1","0.0000","1","0","CN Clogs Beach/Garden Clog","0","simple","",""
"admin","base","Default","simple","","cn_5","0","CN Clogs Beach/Garden Clog","CN Clogs Beach/Garden Clog","CN Clogs Beach/Garden Clog","/c/n/cn-clogs-beach-garden-clog_2.jpg","/c/n/cn-clogs-beach-garden-clog-1_1.jpg","/c/n/cn-clogs-beach-garden-clog-2_2.jpg","cn-clogs-beach-garden-clog-5","cn-clogs-beach-garden-clog-5.html","Bloco depois da Coluna de Informação","","","","Usar configuração","USE DEFAULT","","15.9900","1.0000","1.0000","15.9900","Habilitado","Taxable Goods","Não Exibir Individualmente","Sim","Comfortable and fun to wear these clogs are the latest trend in fashion footwear. Wear them either at the beach, in your garden, at the mall or just about anywhere you would want to be comfortable.","Comfortable and fun to wear these clogs are the latest trend in fashion footwear","CN Clogs Beach/Garden Clog ","","","31.0000","0.0000","1","0","0","1","1.0000","1","100.0000","1","1","","0.0000","1","0","1","0","1","0.0000","1","0","CN Clogs Beach/Garden Clog","0","simple","",""
"admin","base","Default","simple","","cn_6","0","CN Clogs Beach/Garden Clog","CN Clogs Beach/Garden Clog","CN Clogs Beach/Garden Clog","/c/n/cn-clogs-beach-garden-clog_3.jpg","/c/n/cn-clogs-beach-garden-clog-1_2.jpg","/c/n/cn-clogs-beach-garden-clog-2_3.jpg","cn-clogs-beach-garden-clog-6","cn-clogs-beach-garden-clog-6.html","Bloco depois da Coluna de Informação","","","","Usar configuração","USE DEFAULT","","15.9900","1.0000","1.0000","15.9900","Habilitado","Taxable Goods","Não Exibir Individualmente","Sim","Comfortable and fun to wear these clogs are the latest trend in fashion footwear. Wear them either at the beach, in your garden, at the mall or just about anywhere you would want to be comfortable.","Comfortable and fun to wear these clogs are the latest trend in fashion footwear","CN Clogs Beach/Garden Clog ","","","303.0000","0.0000","1","0","0","1","1.0000","1","100.0000","1","1","","0.0000","1","0","1","0","1","0.0000","1","0","CN Clogs Beach/Garden Clog","0","simple","",""
"admin","base","Default","simple","","cn_7","0","CN Clogs Beach/Garden Clog","CN Clogs Beach/Garden Clog","CN Clogs Beach/Garden Clog","/c/n/cn-clogs-beach-garden-clog_4.jpg","/c/n/cn-clogs-beach-garden-clog-1_3.jpg","/c/n/cn-clogs-beach-garden-clog-2_4.jpg","cn-clogs-beach-garden-clog-7","cn-clogs-beach-garden-clog-7.html","Bloco depois da Coluna de Informação","","","","Usar configuração","USE DEFAULT","","15.9900","1.0000","1.0000","15.9900","Habilitado","Taxable Goods","Não Exibir Individualmente","Sim","Comfortable and fun to wear these clogs are the latest trend in fashion footwear. Wear them either at the beach, in your garden, at the mall or just about anywhere you would want to be comfortable.","Comfortable and fun to wear these clogs are the latest trend in fashion footwear","CN Clogs Beach/Garden Clog ","","","621.0000","0.0000","1","0","0","1","1.0000","1","100.0000","1","1","","0.0000","1","0","1","0","1","0.0000","1","0","CN Clogs Beach/Garden Clog","0","simple","",""
"admin","base","Default","simple","3","cn_m8","0","CN Clogs Beach/Garden Clog","CN Clogs Beach/Garden Clog","CN Clogs Beach/Garden Clog","/c/n/cn-clogs-beach-garden-clog_5.jpg","/c/n/cn-clogs-beach-garden-clog-1_4.jpg","/c/n/cn-clogs-beach-garden-clog-2_5.jpg","cn-clogs-beach-garden-clog-8","cn-clogs-beach-garden-clog-8.html","Bloco depois da Coluna de Informação","","","","Usar configuração","USE DEFAULT","","15.9900","1.0000","1.0000","15.9900","Habilitado","Taxable Goods","Não Exibir Individualmente","Sim","Comfortable and fun to wear these clogs are the latest trend in fashion footwear. Wear them either at the beach, in your garden, at the mall or just about anywhere you would want to be comfortable.","Comfortable and fun to wear these clogs are the latest trend in fashion footwear","CN Clogs Beach/Garden Clog ","","","191.0000","0.0000","1","0","0","1","1.0000","1","100.0000","1","1","","0.0000","1","0","1","0","1","0.0000","1","0","CN Clogs Beach/Garden Clog","0","simple","",""
"admin","base","Default","simple","3","cn_m9","0","CN Clogs Beach/Garden Clog","CN Clogs Beach/Garden Clog","CN Clogs Beach/Garden Clog","/c/n/cn-clogs-beach-garden-clog_6.jpg","/c/n/cn-clogs-beach-garden-clog-1_5.jpg","/c/n/cn-clogs-beach-garden-clog-2_6.jpg","cn-clogs-beach-garden-clog-9","cn-clogs-beach-garden-clog-9.html","Bloco depois da Coluna de Informação","","","","Usar configuração","USE DEFAULT","","15.9900","1.0000","1.0000","15.9900","Habilitado","Taxable Goods","Não Exibir Individualmente","Sim","Comfortable and fun to wear these clogs are the latest trend in fashion footwear. Wear them either at the beach, in your garden, at the mall or just about anywhere you would want to be comfortable.","Comfortable and fun to wear these clogs are the latest trend in fashion footwear","CN Clogs Beach/Garden Clog ","","","948.0000","0.0000","1","0","0","1","1.0000","1","100.0000","1","1","","0.0000","1","0","1","0","1","0.0000","1","0","CN Clogs Beach/Garden Clog","0","simple","",""
"admin","base","Default","simple","","cn_m10","0","CN Clogs Beach/Garden Clog","CN Clogs Beach/Garden Clog","CN Clogs Beach/Garden Clog","/c/n/cn-clogs-beach-garden-clog_7.jpg","/c/n/cn-clogs-beach-garden-clog-1_6.jpg","/c/n/cn-clogs-beach-garden-clog-2_7.jpg","cn-clogs-beach-garden-clog-10","cn-clogs-beach-garden-clog-10.html","Bloco depois da Coluna de Informação","","","","Usar configuração","USE DEFAULT","","15.9900","1.0000","1.0000","15.9900","Habilitado","Taxable Goods","Não Exibir Individualmente","Sim","Comfortable and fun to wear these clogs are the latest trend in fashion footwear. Wear them either at the beach, in your garden, at the mall or just about anywhere you would want to be comfortable.","Comfortable and fun to wear these clogs are the latest trend in fashion footwear","CN Clogs Beach/Garden Clog ","","","533.0000","0.0000","1","0","0","1","1.0000","1","100.0000","1","1","","0.0000","1","0","1","0","1","0.0000","1","0","CN Clogs Beach/Garden Clog","0","simple","",""
"admin","base","Default","simple","","cn_m11","0","CN Clogs Beach/Garden Clog","CN Clogs Beach/Garden Clog","CN Clogs Beach/Garden Clog","/c/n/cn-clogs-beach-garden-clog_8.jpg","/c/n/cn-clogs-beach-garden-clog-1_7.jpg","/c/n/cn-clogs-beach-garden-clog-2_8.jpg","cn-clogs-beach-garden-clog-11","cn-clogs-beach-garden-clog-11.html","Bloco depois da Coluna de Informação","","","","Usar configuração","USE DEFAULT","","15.9900","1.0000","1.0000","15.9900","Habilitado","Taxable Goods","Não Exibir Individualmente","Sim","Comfortable and fun to wear these clogs are the latest trend in fashion footwear. Wear them either at the beach, in your garden, at the mall or just about anywhere you would want to be comfortable.","Comfortable and fun to wear these clogs are the latest trend in fashion footwear","CN Clogs Beach/Garden Clog ","","","293.0000","0.0000","1","0","0","1","1.0000","1","100.0000","1","1","","0.0000","1","0","1","0","1","0.0000","1","0","CN Clogs Beach/Garden Clog","0","simple","",""
"admin","base","Default","simple","3","cn_m12","0","CN Clogs Beach/Garden Clog","CN Clogs Beach/Garden Clog","CN Clogs Beach/Garden Clog","/c/n/cn-clogs-beach-garden-clog_9.jpg","/c/n/cn-clogs-beach-garden-clog-1_8.jpg","/c/n/cn-clogs-beach-garden-clog-2_9.jpg","cn-clogs-beach-garden-clog-12","cn-clogs-beach-garden-clog-12.html","Bloco depois da Coluna de Informação","","","","Usar configuração","USE DEFAULT","","15.9900","1.0000","1.0000","15.9900","Habilitado","Taxable Goods","Não Exibir Individualmente","Sim","Comfortable and fun to wear these clogs are the latest trend in fashion footwear. Wear them either at the beach, in your garden, at the mall or just about anywhere you would want to be comfortable.","Comfortable and fun to wear these clogs are the latest trend in fashion footwear","CN Clogs Beach/Garden Clog ","","","563.0000","0.0000","1","0","0","1","1.0000","1","100.0000","1","1","","0.0000","1","0","1","0","1","0.0000","1","0","CN Clogs Beach/Garden Clog","0","simple","",""
"admin","base","Default","configurable","2","asc","1","ASICS® Men's GEL-Kayano® XII","ASICS® Men's GEL-Kayano® XII","ASICS® Men's GEL-Kayano® XII","/a/s/asics-men-s-gel-kayano-xii-2.jpg","/a/s/asics-men-s-gel-kayano-xii-2.jpg","/a/s/asics-men-s-gel-kayano-xii-2.jpg","asics-men-s-gel-kayano-xii","asics-men-s-gel-kayano-xii.html","Produto Info Coluna","","","","Usar configuração","USE DEFAULT","","134.9900","","","134.9900","Habilitado","Taxable Goods","Catálogo, Busca","Sim","Biomorphic Fit™ upper offers enhanced upper fit and comfort while decreasing the potential for irritation. Solyte midsole material is lighter than standard EVA and SpEVA® combined with improved cushioning and durability. Impact Guidance System (I.G.S.®) uses linked componentry to encourage optimal gait while allowing for natural foot movement from heel strike to toe off. DuoMax® support system helps ensure that the shoe maintains proper support for the foot during the critical transition from heel strike to toe off. Space Trusstic® System creates a pocket between the Trusstic® System device and the midsole, allowing for greater midsole deformation and more efficient foot function. GEL® Cushioning System provides maximum rearfoot and forefoot shock attenuation. Wt. 12.6 oz.","The ASICS® GEL-Kayano® XII running shoe delivers the ultimate blend of cushioning and support. ","asics, gel, kayano","","","0.0000","0.0000","1","0","0","1","1.0000","1","0.0000","1","1","","","1","0","1","0","1","0.0000","1","0","ASICS® Men's GEL-Kayano® XII","0","configurable","",""
"admin","base","Default","simple","2","asc_9","0","ASICS® Men's GEL-Kayano® XII","ASICS® Men's GEL-Kayano® XII","ASICS® Men's GEL-Kayano® XII","","","","asics-men-s-gel-kayano-xii-9","asics-men-s-gel-kayano-xii-9.html","Bloco depois da Coluna de Informação","","","","Usar configuração","USE DEFAULT","","134.9900","29.9900","3.0000","134.9900","Habilitado","Taxable Goods","Não Exibir Individualmente","Sim","The ASICS® GEL-Kayano® XII running shoe delivers the ultimate blend of cushioning and support. Biomorphic Fit™ upper offers enhanced upper fit and comfort while decreasing the potential for irritation. Solyte midsole material is lighter than standard EVA and SpEVA® combined with improved cushioning and durability. Impact Guidance System (I.G.S.®) uses linked componentry to encourage optimal gait while allowing for natural foot movement from heel strike to toe off. DuoMax® support system helps ensure that the shoe maintains proper support for the foot during the critical transition from heel strike to toe off. Space Trusstic® System creates a pocket between the Trusstic® System device and the midsole, allowing for greater midsole deformation and more efficient foot function. GEL® Cushioning System provides maximum rearfoot and forefoot shock attenuation. Wt. 12.6 oz.","The ASICS® GEL-Kayano® XII running shoe delivers the ultimate blend of cushioning and support. Biomorphic Fit™ upper offers enhanced upper fit and comfort while decreasing the potential for irritation. ","ASICS® Men's GEL-Kayano® XII ","","","480.0000","0.0000","1","0","0","1","1.0000","1","100.0000","1","1","","0.0000","1","0","1","0","1","0.0000","1","0","ASICS® Men's GEL-Kayano® XII","0","simple","",""
